product_id,stock,last_restock_date
FUR-BO-10001798,298,2023-03-19
FUR-CH-10000454,207,2023-03-24
OFF-LA-10000240,118,2023-01-12
FUR-TA-10000577,390,2023-04-03
OFF-ST-10000760,186,2023-02-22
FUR-FU-10001487,240,2023-01-26
OFF-AR-10002833,21,2023-06-26
TEC-PH-10002275,478,2023-04-01
OFF-BI-10003910,211,2023-01-05
OFF-AP-10002892,476,2023-02-15
FUR-TA-10001539,222,2023-02-20
TEC-PH-10002033,153,2023-04-24
OFF-PA-10002365,340,2023-02-28
OFF-BI-10003656,314,2023-02-28
OFF-AP-10002311,61,2023-06-06
OFF-BI-10000756,210,2023-04-27
OFF-ST-10004186,109,2023-01-17
OFF-ST-10000107,230,2023-06-05
OFF-AR-10003056,62,2023-04-20
TEC-PH-10001949,120,2023-02-07
OFF-BI-10002215,162,2023-03-26
OFF-AR-10000246,421,2023-06-16
OFF-AP-10001492,70,2023-06-03
FUR-CH-10002774,97,2023-06-14
OFF-BI-10001634,479,2023-04-29
TEC-AC-10003027,15,2023-05-24
FUR-BO-10004834,83,2023-02-08
OFF-BI-10000474,232,2023-03-01
FUR-FU-10004848,145,2023-02-12
OFF-EN-10001509,113,2023-05-22
OFF-AR-10004042,395,2023-02-18
OFF-BI-10001525,53,2023-01-30
OFF-AR-10001683,435,2023-06-03
OFF-PA-10000249,39,2023-04-29
TEC-PH-10004977,115,2023-01-31
FUR-FU-10003664,221,2023-02-13
OFF-EN-10002986,21,2023-04-30
FUR-BO-10002545,98,2023-02-01
FUR-CH-10004218,269,2023-01-06
TEC-PH-10000486,70,2023-03-13
TEC-PH-10004093,260,2023-05-21
OFF-ST-10003479,38,2023-04-19
OFF-ST-10003282,138,2023-05-22
TEC-AC-10000171,237,2023-03-20
OFF-BI-10003291,79,2023-06-09
OFF-ST-10001713,153,2023-03-31
TEC-AC-10002167,381,2023-02-11
TEC-PH-10003988,409,2023-01-08
OFF-BI-10004410,99,2023-02-11
OFF-LA-10002762,118,2023-04-10
FUR-FU-10001706,484,2023-06-20
FUR-CH-10003061,372,2023-04-01
OFF-FA-10000304,301,2023-01-09
TEC-PH-10002447,309,2023-04-30
OFF-ST-10000604,59,2023-06-15
OFF-PA-10001569,150,2023-01-06
FUR-CH-10003968,175,2023-05-24
OFF-PA-10000587,339,2023-06-04
OFF-BI-10001460,138,2023-03-12
OFF-AR-10001868,175,2023-05-27
TEC-AC-10004633,138,2023-04-06
OFF-BI-10001078,214,2023-06-13
OFF-PA-10003892,284,2023-06-15
FUR-FU-10000397,91,2023-06-23
FUR-CH-10001146,272,2023-03-16
OFF-AR-10002671,344,2023-02-24
OFF-PA-10000482,162,2023-04-20
OFF-BI-10004654,387,2023-06-16
OFF-PA-10004675,218,2023-02-14
FUR-CH-10000513,342,2023-02-13
FUR-FU-10003708,339,2023-01-29
OFF-ST-10004123,470,2023-05-18
OFF-BI-10004182,64,2023-06-03
FUR-FU-10000260,88,2023-01-27
OFF-ST-10000615,468,2023-02-22
FUR-FU-10003194,279,2023-02-05
OFF-AP-10002118,353,2023-03-11
OFF-BI-10002309,366,2023-06-10
OFF-AR-10002053,178,2023-05-28
OFF-ST-10002370,214,2023-01-28
OFF-EN-10000927,424,2023-01-11
OFF-ST-10003656,445,2023-04-13
FUR-CH-10000863,118,2023-02-13
TEC-AC-10001998,78,2023-01-22
OFF-LA-10000134,104,2023-04-12
OFF-ST-10003442,54,2023-04-24
OFF-AR-10004930,276,2023-06-10
OFF-PA-10000304,190,2023-02-09
OFF-PA-10003177,183,2023-05-17
FUR-FU-10003799,124,2023-01-31
OFF-BI-10002852,188,2023-01-07
OFF-BI-10004738,290,2023-05-09
FUR-FU-10000629,279,2023-05-15
OFF-BI-10001721,351,2023-02-24
OFF-AP-10000358,170,2023-01-25
OFF-PA-10003256,463,2023-04-29
TEC-AC-10001767,62,2023-04-14
OFF-BI-10002609,15,2023-02-13
OFF-PA-10004040,291,2023-01-29
TEC-AC-10001552,380,2023-05-18
FUR-FU-10004006,348,2023-03-15
OFF-BI-10002794,52,2023-04-05
TEC-AC-10003499,447,2023-03-19
TEC-PH-10002844,138,2023-06-19
OFF-AR-10000390,184,2023-04-25
TEC-AC-10000844,13,2023-01-05
FUR-FU-10001934,294,2023-04-10
OFF-AR-10000380,168,2023-06-10
OFF-BI-10003981,64,2023-02-10
OFF-FA-10000621,37,2023-02-10
OFF-EN-10002600,52,2023-05-19
OFF-PA-10004965,50,2023-04-18
OFF-EN-10002504,298,2023-04-16
FUR-TA-10001768,218,2023-02-23
OFF-BI-10003650,354,2023-04-01
FUR-FU-10002157,319,2023-01-04
OFF-ST-10000777,196,2023-04-13
OFF-EN-10002500,424,2023-02-07
TEC-PH-10003875,101,2023-05-30
FUR-CH-10004063,130,2023-04-03
FUR-TA-10004534,415,2023-06-18
OFF-BI-10003274,448,2023-06-17
OFF-ST-10002974,58,2023-06-07
FUR-FU-10003773,22,2023-05-26
TEC-PH-10002293,199,2023-06-24
OFF-PA-10002377,224,2023-01-29
OFF-FA-10002780,134,2023-06-04
OFF-PA-10001804,115,2023-05-03
OFF-PA-10001736,195,2023-02-13
OFF-AR-10001149,70,2023-05-12
OFF-FA-10002988,103,2023-02-03
OFF-BI-10004781,492,2023-04-23
OFF-SU-10001218,418,2023-03-31
OFF-AR-10000940,111,2023-04-25
OFF-EN-10004030,286,2023-03-24
OFF-PA-10004327,239,2023-02-24
OFF-AP-10001058,172,2023-03-14
FUR-FU-10000521,366,2023-01-31
TEC-PH-10000215,99,2023-01-05
TEC-PH-10001448,10,2023-01-26
OFF-BI-10002735,321,2023-02-09
OFF-AP-10000326,9,2023-02-14
TEC-PH-10001254,131,2023-06-23
OFF-PA-10001950,483,2023-02-20
OFF-PA-10002254,367,2023-03-24
OFF-ST-10001590,168,2023-02-11
OFF-AR-10001547,238,2023-03-07
OFF-LA-10002475,341,2023-04-24
TEC-PH-10004536,237,2023-02-11
OFF-PA-10002751,450,2023-05-23
TEC-AC-10003657,297,2023-02-02
OFF-EN-10001990,175,2023-04-15
OFF-BI-10004002,353,2023-06-17
OFF-ST-10000991,207,2023-03-31
FUR-CH-10004287,394,2023-04-11
OFF-AR-10002656,127,2023-05-21
OFF-AP-10002518,336,2023-06-17
TEC-PH-10003931,146,2023-03-26
OFF-PA-10000659,37,2023-03-21
OFF-PA-10001144,90,2023-05-17
FUR-CH-10003817,101,2023-06-02
OFF-AP-10000891,152,2023-06-22
OFF-LA-10003148,271,2023-04-11
OFF-AP-10002684,19,2023-05-08
FUR-CH-10004698,106,2023-01-15
OFF-SU-10002189,97,2023-02-17
OFF-AR-10001940,104,2023-05-19
OFF-ST-10003455,8,2023-03-27
TEC-AC-10004659,324,2023-01-27
TEC-PH-10003273,446,2023-03-26
TEC-PH-10004896,348,2023-06-29
TEC-AC-10002345,32,2023-04-08
OFF-BI-10001890,143,2023-03-11
TEC-AC-10002323,328,2023-04-06
OFF-ST-10001328,135,2023-06-29
FUR-BO-10002613,486,2023-05-17
TEC-PH-10001552,486,2023-04-07
OFF-PA-10000061,72,2023-01-14
OFF-AR-10003514,289,2023-02-03
OFF-AR-10004685,361,2023-06-04
OFF-AR-10004027,482,2023-05-26
OFF-ST-10001414,367,2023-03-10
OFF-BI-10000343,9,2023-01-22
OFF-PA-10002749,298,2023-02-28
OFF-PA-10002666,389,2023-02-01
FUR-TA-10004289,108,2023-04-29
OFF-AP-10003622,335,2023-03-19
OFF-AP-10003217,181,2023-02-15
FUR-FU-10002960,385,2023-01-21
TEC-PH-10001918,345,2023-02-22
OFF-ST-10000642,199,2023-04-25
TEC-PH-10001700,106,2023-02-20
OFF-FA-10000134,373,2023-06-02
OFF-ST-10001522,451,2023-05-13
TEC-AC-10001266,32,2023-01-13
OFF-LA-10004544,81,2023-02-28
FUR-BO-10004695,166,2023-02-18
TEC-MA-10000864,76,2023-01-24
TEC-AC-10000109,152,2023-05-22
TEC-PH-10002563,231,2023-02-18
OFF-FA-10000585,481,2023-04-09
OFF-PA-10004000,194,2023-04-12
FUR-FU-10000087,124,2023-05-24
TEC-MA-10001148,128,2023-02-13
OFF-AR-10001958,151,2023-01-02
OFF-AR-10001026,349,2023-05-04
FUR-TA-10003748,143,2023-02-22
OFF-ST-10002485,55,2023-03-12
FUR-CH-10004860,160,2023-05-02
FUR-CH-10004477,296,2023-02-16
OFF-BI-10001679,367,2023-03-08
FUR-TA-10001705,326,2023-02-02
FUR-TA-10003473,449,2023-01-22
FUR-FU-10004017,78,2023-06-15
TEC-AC-10003832,446,2023-03-18
OFF-PA-10002479,246,2023-02-27
OFF-PA-10003349,352,2023-05-11
FUR-FU-10000576,49,2023-03-17
FUR-FU-10004351,259,2023-06-13
TEC-PH-10000011,377,2023-04-27
FUR-TA-10002607,315,2023-02-09
FUR-FU-10002505,306,2023-02-07
OFF-ST-10002276,165,2023-06-21
OFF-PA-10004082,195,2023-06-11
OFF-AP-10002945,483,2023-05-15
FUR-CH-10002965,83,2023-01-11
OFF-PA-10004569,489,2023-03-14
OFF-ST-10001228,384,2023-04-29
OFF-EN-10003296,223,2023-06-11
OFF-ST-10004804,206,2023-05-20
TEC-PH-10001580,166,2023-03-27
TEC-AC-10000290,261,2023-03-03
OFF-ST-10002790,448,2023-06-21
OFF-BI-10003460,239,2023-05-28
OFF-AP-10002203,323,2023-01-14
TEC-MA-10003353,313,2023-04-12
TEC-PH-10001433,80,2023-06-15
TEC-AC-10004469,135,2023-02-28
OFF-AR-10003602,452,2023-01-04
OFF-FA-10003472,396,2023-01-16
OFF-ST-10004180,19,2023-06-07
OFF-EN-10004386,471,2023-02-28
OFF-ST-10003208,279,2023-06-03
TEC-AC-10003628,269,2023-02-12
FUR-FU-10003274,3,2023-03-10
OFF-BI-10002557,274,2023-05-23
OFF-PA-10002615,122,2023-05-16
OFF-AR-10001427,112,2023-01-03
OFF-PA-10000673,17,2023-01-06
OFF-PA-10004470,334,2023-06-04
OFF-ST-10000876,27,2023-01-13
OFF-LA-10002043,37,2023-03-25
OFF-BI-10004967,459,2023-03-12
TEC-PH-10001760,498,2023-02-23
FUR-TA-10002903,255,2023-03-21
OFF-PA-10000474,197,2023-02-26
TEC-AC-10001956,294,2023-06-24
OFF-PA-10004100,421,2023-06-16
OFF-BI-10000778,187,2023-02-27
OFF-SU-10000646,272,2023-02-27
OFF-FA-10002983,453,2023-03-26
OFF-LA-10004689,471,2023-03-08
TEC-AC-10002001,412,2023-03-17
FUR-BO-10004709,402,2023-02-14
FUR-FU-10004091,19,2023-03-01
FUR-CH-10001891,361,2023-02-21
FUR-FU-10002918,492,2023-01-04
OFF-BI-10004593,235,2023-06-03
OFF-FA-10004854,347,2023-03-18
OFF-PA-10002105,241,2023-05-03
OFF-ST-10002756,395,2023-02-19
OFF-PA-10004243,271,2023-06-20
FUR-FU-10001861,411,2023-03-18
OFF-BI-10002706,288,2023-02-12
FUR-TA-10002533,83,2023-01-24
FUR-FU-10002671,333,2023-06-08
OFF-AR-10003651,65,2023-05-30
OFF-BI-10001072,391,2023-01-04
OFF-AR-10002135,386,2023-01-10
OFF-AR-10002804,235,2023-06-19
FUR-FU-10001918,180,2023-02-13
FUR-CH-10004086,235,2023-06-16
FUR-FU-10001756,302,2023-01-14
OFF-LA-10000634,365,2023-01-02
FUR-FU-10001588,283,2023-04-10
TEC-PH-10002398,168,2023-03-07
OFF-AR-10003373,13,2023-02-04
FUR-CH-10002602,400,2023-04-16
TEC-MA-10002927,105,2023-04-01
TEC-AC-10000892,104,2023-02-01
OFF-FA-10000624,455,2023-06-15
TEC-AC-10001908,36,2023-01-25
FUR-FU-10001967,406,2023-01-07
TEC-PH-10003645,192,2023-03-22
OFF-ST-10000675,329,2023-04-20
FUR-CH-10003312,403,2023-04-03
OFF-LA-10001074,434,2023-06-18
OFF-BI-10001524,76,2023-04-23
TEC-PH-10004614,183,2023-03-26
OFF-BI-10001153,424,2023-05-24
OFF-BI-10001982,389,2023-04-18
OFF-BI-10001922,146,2023-06-23
TEC-CO-10001449,466,2023-01-18
OFF-BI-10004140,130,2023-05-27
OFF-BI-10003314,201,2023-06-19
FUR-TA-10004575,108,2023-04-20
OFF-FA-10000490,468,2023-06-04
OFF-AR-10000122,493,2023-06-10
TEC-PH-10000702,45,2023-05-25
OFF-AR-10001374,11,2023-02-17
OFF-PA-10001970,313,2023-05-22
OFF-BI-10002160,302,2023-02-20
OFF-BI-10004995,144,2023-04-19
FUR-BO-10002268,72,2023-01-02
OFF-EN-10001137,329,2023-06-19
OFF-AR-10002399,202,2023-01-12
OFF-PA-10002713,185,2023-06-27
OFF-AP-10001124,242,2023-05-19
OFF-LA-10001158,384,2023-02-15
FUR-CH-10000785,47,2023-03-20
OFF-AR-10003732,234,2023-04-16
FUR-FU-10000023,122,2023-01-26
OFF-BI-10002412,404,2023-06-16
OFF-SU-10001225,170,2023-04-23
OFF-ST-10002406,493,2023-01-08
OFF-PA-10002036,457,2023-05-21
OFF-ST-10002205,247,2023-04-21
TEC-AC-10003911,8,2023-04-19
OFF-AR-10000658,46,2023-05-14
TEC-AC-10002076,277,2023-01-07
OFF-PA-10003039,165,2023-05-21
FUR-TA-10004915,185,2023-03-08
OFF-AP-10000696,408,2023-03-29
OFF-ST-10003327,169,2023-02-21
OFF-BI-10000309,60,2023-03-09
OFF-PA-10004734,207,2023-02-15
OFF-BI-10002225,387,2023-02-11
TEC-AC-10004708,409,2023-03-31
FUR-TA-10000617,220,2023-06-02
TEC-AC-10002335,345,2023-03-30
TEC-MA-10001681,343,2023-01-17
FUR-FU-10001935,478,2023-02-20
OFF-AR-10004757,447,2023-02-12
OFF-BI-10000050,29,2023-06-27
TEC-PH-10003012,424,2023-01-02
TEC-CO-10002313,306,2023-06-20
OFF-BI-10003982,353,2023-06-15
OFF-BI-10004492,64,2023-02-16
OFF-ST-10000798,478,2023-03-01
OFF-PA-10002552,50,2023-01-30
OFF-SU-10002573,359,2023-05-01
OFF-ST-10001580,147,2023-06-09
OFF-ST-10000934,211,2023-03-01
TEC-AC-10000158,93,2023-04-17
OFF-PA-10001947,470,2023-05-03
OFF-AR-10003478,272,2023-03-29
OFF-AP-10004249,215,2023-03-18
TEC-CO-10004115,355,2023-06-03
OFF-PA-10003724,298,2023-01-12
FUR-TA-10002041,385,2023-05-31
OFF-PA-10002893,227,2023-05-02
OFF-LA-10003766,108,2023-06-19
FUR-BO-10001972,130,2023-05-07
FUR-CH-10003956,403,2023-03-28
OFF-PA-10000157,117,2023-05-09
OFF-AR-10004344,211,2023-01-22
FUR-CH-10004886,352,2023-03-15
OFF-PA-10003845,456,2023-03-07
OFF-AR-10001573,316,2023-03-17
OFF-EN-10000483,12,2023-04-10
TEC-AC-10004114,480,2023-05-17
FUR-FU-10004712,14,2023-06-27
OFF-ST-10000918,136,2023-04-12
FUR-CH-10000015,251,2023-03-29
FUR-FU-10003347,261,2023-05-07
OFF-BI-10001543,364,2023-01-20
TEC-MA-10000029,220,2023-05-18
OFF-AR-10000369,254,2023-05-25
OFF-BI-10004584,407,2023-04-21
OFF-ST-10000617,458,2023-05-13
OFF-ST-10003306,152,2023-06-26
OFF-BI-10000773,242,2023-05-01
TEC-AC-10002600,18,2023-05-30
TEC-MA-10002937,269,2023-01-31
OFF-PA-10002230,395,2023-06-16
FUR-CH-10003396,92,2023-04-26
FUR-FU-10000246,402,2023-02-16
OFF-ST-10000060,425,2023-04-06
OFF-ST-10003058,389,2023-06-20
OFF-PA-10002222,347,2023-04-23
FUR-CH-10002372,266,2023-03-16
OFF-LA-10001317,363,2023-05-17
FUR-FU-10000206,337,2023-03-31
OFF-AR-10000588,3,2023-05-08
OFF-ST-10001469,390,2023-01-25
OFF-AR-10001953,151,2023-06-25
OFF-AR-10003156,278,2023-01-19
OFF-AR-10004974,9,2023-01-04
TEC-PH-10002365,321,2023-01-06
OFF-ST-10000142,113,2023-02-13
TEC-AC-10001772,39,2023-03-10
FUR-CH-10000225,282,2023-01-27
FUR-CH-10002331,244,2023-02-06
OFF-EN-10001415,247,2023-03-02
OFF-AP-10002472,483,2023-06-01
TEC-AC-10004571,312,2023-01-24
OFF-BI-10001098,405,2023-05-05
FUR-TA-10001889,415,2023-06-13
OFF-BI-10000315,102,2023-04-28
OFF-SU-10003505,110,2023-04-07
OFF-AP-10002578,323,2023-06-12
FUR-BO-10002824,72,2023-04-03
OFF-BI-10002194,138,2023-02-08
OFF-PA-10004071,185,2023-05-05
OFF-ST-10002743,247,2023-06-22
FUR-BO-10001601,242,2023-05-02
TEC-PH-10002680,436,2023-03-19
OFF-ST-10001321,104,2023-06-01
OFF-PA-10001509,225,2023-04-04
OFF-PA-10003465,134,2023-03-03
TEC-PH-10000149,46,2023-02-18
OFF-AR-10003045,87,2023-01-28
OFF-ST-10000689,178,2023-01-13
TEC-AC-10001445,291,2023-03-17
TEC-AC-10002567,309,2023-04-28
OFF-LA-10003923,189,2023-05-10
FUR-BO-10001337,66,2023-04-10
TEC-PH-10001924,26,2023-02-08
TEC-PH-10001363,309,2023-03-08
TEC-PH-10000376,26,2023-03-11
TEC-AC-10000303,204,2023-05-26
OFF-ST-10001809,200,2023-04-21
OFF-EN-10003845,16,2023-05-11
TEC-AC-10000991,15,2023-01-29
FUR-TA-10001857,58,2023-02-17
OFF-EN-10001434,337,2023-06-23
OFF-BI-10002498,441,2023-04-01
FUR-FU-10004864,474,2023-06-24
FUR-FU-10000073,281,2023-05-07
OFF-BI-10001670,216,2023-02-19
OFF-BI-10001658,229,2023-02-19
FUR-CH-10001215,193,2023-01-26
OFF-BI-10000831,428,2023-01-31
OFF-PA-10000357,459,2023-04-12
OFF-AR-10001662,321,2023-05-30
OFF-AR-10003856,27,2023-05-24
OFF-BI-10003527,423,2023-03-12
FUR-FU-10001290,475,2023-01-15
OFF-AR-10003811,350,2023-03-09
OFF-AR-10001246,386,2023-05-13
TEC-CO-10003236,401,2023-01-27
OFF-ST-10004507,208,2023-04-15
OFF-PA-10001667,353,2023-03-03
OFF-ST-10004459,157,2023-01-16
OFF-BI-10000285,96,2023-01-30
TEC-PH-10003555,223,2023-04-19
OFF-FA-10002815,373,2023-06-22
FUR-CH-10003379,14,2023-02-13
OFF-ST-10004963,441,2023-05-01
OFF-SU-10002881,273,2023-02-14
OFF-EN-10001335,374,2023-01-12
FUR-CH-10000595,86,2023-02-23
FUR-FU-10000448,339,2023-01-19
OFF-ST-10001325,398,2023-01-07
OFF-BI-10002429,388,2023-01-22
OFF-BI-10004528,398,2023-06-15
OFF-AP-10001271,338,2023-01-11
FUR-CH-10002647,353,2023-05-07
TEC-AC-10001432,28,2023-02-03
TEC-PH-10002262,125,2023-02-17
TEC-AC-10001465,261,2023-02-10
TEC-PH-10002597,81,2023-02-18
FUR-FU-10000723,11,2023-03-22
OFF-BI-10000404,17,2023-03-07
OFF-PA-10002986,53,2023-06-18
OFF-SU-10001935,305,2023-03-12
FUR-CH-10002024,421,2023-01-20
FUR-FU-10003039,252,2023-05-19
OFF-FA-10004248,405,2023-06-12
OFF-ST-10001780,209,2023-01-03
OFF-AR-10003560,346,2023-05-07
OFF-LA-10001297,60,2023-05-01
FUR-TA-10004256,426,2023-04-05
OFF-PA-10003441,412,2023-03-20
OFF-BI-10000069,113,2023-04-03
OFF-AP-10003914,10,2023-01-19
FUR-FU-10004020,23,2023-02-08
OFF-FA-10003467,85,2023-01-17
TEC-PH-10002496,39,2023-05-01
OFF-PA-10004530,326,2023-02-17
OFF-BI-10001107,19,2023-03-27
OFF-PA-10004451,468,2023-05-10
FUR-CH-10004997,364,2023-01-07
TEC-PH-10000347,453,2023-02-21
OFF-SU-10001574,234,2023-04-17
FUR-FU-10001475,15,2023-01-23
OFF-SU-10004498,220,2023-01-14
TEC-PH-10000586,179,2023-06-18
OFF-BI-10002764,337,2023-03-09
OFF-LA-10003930,163,2023-06-17
TEC-PH-10003800,236,2023-02-15
OFF-PA-10002005,351,2023-03-26
OFF-PA-10004101,462,2023-04-03
OFF-AR-10004078,2,2023-06-24
OFF-AP-10004708,172,2023-05-26
FUR-FU-10001979,135,2023-01-22
OFF-SU-10004115,101,2023-02-05
TEC-PH-10001425,35,2023-02-15
TEC-PH-10003963,227,2023-05-26
OFF-ST-10001490,184,2023-06-06
OFF-PA-10002120,395,2023-05-11
OFF-BI-10000848,189,2023-05-03
TEC-PH-10003092,280,2023-06-26
OFF-LA-10004345,474,2023-01-13
OFF-PA-10001204,129,2023-03-06
TEC-PH-10004667,415,2023-05-20
OFF-BI-10002949,201,2023-05-18
FUR-FU-10003849,404,2023-06-14
FUR-FU-10000010,155,2023-06-14
OFF-BI-10002824,191,2023-01-03
TEC-PH-10002538,50,2023-01-02
OFF-BI-10002103,59,2023-03-26
FUR-CH-10004853,207,2023-01-20
OFF-AP-10000179,436,2023-06-20
OFF-ST-10001272,360,2023-01-29
FUR-FU-10000221,352,2023-02-25
OFF-AP-10001563,1,2023-01-05
OFF-BI-10000605,203,2023-02-28
OFF-ST-10001963,131,2023-01-11
TEC-AC-10001267,247,2023-03-16
TEC-PH-10002103,299,2023-04-19
TEC-AC-10002857,446,2023-03-22
FUR-CH-10001482,191,2023-03-01
OFF-BI-10001989,223,2023-04-02
OFF-AP-10003287,174,2023-04-06
OFF-BI-10004728,258,2023-03-28
FUR-FU-10000732,222,2023-01-27
OFF-ST-10000585,471,2023-06-17
OFF-LA-10002787,379,2023-03-14
OFF-PA-10001934,266,2023-05-10
OFF-AP-10002457,486,2023-01-31
OFF-FA-10003112,487,2023-01-02
OFF-AP-10002350,328,2023-02-27
TEC-AC-10001142,387,2023-05-20
TEC-AC-10001101,330,2023-01-01
OFF-AP-10002439,275,2023-03-31
OFF-BI-10002827,96,2023-06-01
OFF-EN-10002230,169,2023-06-13
OFF-ST-10001511,240,2023-01-03
OFF-SU-10004231,497,2023-04-15
TEC-PH-10004042,92,2023-04-09
FUR-FU-10003096,366,2023-05-23
FUR-FU-10002759,435,2023-06-14
FUR-TA-10000688,135,2023-03-25
OFF-AR-10001954,250,2023-06-29
OFF-AP-10004532,81,2023-04-21
OFF-PA-10002137,9,2023-06-08
OFF-AP-10000804,208,2023-04-18
TEC-AC-10003614,249,2023-03-12
FUR-FU-10003553,495,2023-03-22
OFF-BI-10004632,486,2023-03-08
OFF-BI-10003305,304,2023-05-23
OFF-ST-10002583,65,2023-04-28
TEC-MA-10004125,421,2023-01-23
OFF-LA-10001934,475,2023-04-07
FUR-BO-10004015,367,2023-03-02
FUR-FU-10004071,448,2023-06-18
OFF-ST-10002444,194,2023-05-17
TEC-AC-10002253,414,2023-05-16
OFF-PA-10000743,67,2023-01-31
OFF-LA-10002312,492,2023-06-20
OFF-LA-10003510,331,2023-03-20
OFF-AR-10001118,70,2023-03-30
OFF-BI-10001575,449,2023-01-02
FUR-FU-10003394,384,2023-01-29
FUR-TA-10002774,281,2023-04-18
OFF-PA-10001800,258,2023-04-02
OFF-AP-10001469,95,2023-02-12
FUR-BO-10003272,473,2023-05-20
OFF-EN-10001219,231,2023-05-15
OFF-AP-10001154,441,2023-04-07
TEC-AC-10001606,323,2023-05-03
OFF-BI-10003355,47,2023-04-05
OFF-PA-10004092,209,2023-06-15
FUR-TA-10000198,191,2023-04-01
OFF-ST-10000036,51,2023-03-12
FUR-FU-10000222,148,2023-01-05
OFF-SU-10004664,52,2023-01-11
OFF-EN-10001141,49,2023-06-21
TEC-PH-10002170,116,2023-04-16
OFF-PA-10001954,447,2023-02-12
FUR-TA-10002228,82,2023-06-08
OFF-ST-10004634,492,2023-03-10
TEC-AC-10003610,330,2023-05-25
FUR-BO-10001619,121,2023-05-05
OFF-BI-10000138,445,2023-03-12
TEC-AC-10001383,323,2023-02-20
OFF-LA-10003223,303,2023-05-23
OFF-BI-10004094,459,2023-04-02
OFF-PA-10004971,244,2023-03-03
OFF-SU-10004261,417,2023-03-07
TEC-PH-10000004,245,2023-03-27
OFF-BI-10003638,404,2023-04-30
FUR-FU-10003577,97,2023-03-25
OFF-BI-10000546,157,2023-01-19
TEC-CO-10002095,325,2023-04-23
FUR-TA-10001095,486,2023-05-12
OFF-LA-10004484,461,2023-02-01
OFF-EN-10001532,102,2023-02-27
TEC-AC-10003174,221,2023-03-16
OFF-BI-10004187,310,2023-01-31
OFF-ST-10000025,211,2023-05-03
FUR-FU-10004306,467,2023-06-07
FUR-CH-10003746,169,2023-01-25
OFF-BI-10001036,147,2023-01-21
OFF-BI-10000301,415,2023-01-28
OFF-AR-10004648,227,2023-03-22
FUR-FU-10002597,426,2023-01-30
OFF-AR-10003405,236,2023-03-21
FUR-CH-10002335,376,2023-06-24
OFF-PA-10003657,1,2023-04-15
FUR-BO-10004409,469,2023-03-29
TEC-AC-10000057,281,2023-03-03
OFF-EN-10000056,256,2023-03-30
OFF-BI-10000014,369,2023-03-24
FUR-CH-10004675,480,2023-05-12
OFF-BI-10001132,207,2023-04-07
FUR-CH-10003199,359,2023-06-21
TEC-PH-10001530,127,2023-03-22
OFF-LA-10001569,220,2023-03-01
OFF-PA-10000176,241,2023-01-11
OFF-LA-10002271,278,2023-02-06
FUR-FU-10004090,82,2023-01-20
OFF-AP-10000576,496,2023-06-22
OFF-PA-10003953,142,2023-06-25
FUR-FU-10000794,445,2023-05-19
OFF-AR-10001897,57,2023-03-11
TEC-PH-10001795,295,2023-03-08
TEC-AC-10004901,130,2023-04-14
OFF-AR-10003190,216,2023-04-08
OFF-AP-10000240,255,2023-04-07
TEC-AC-10001838,122,2023-06-18
OFF-PA-10003651,106,2023-05-08
OFF-BI-10003094,457,2023-03-19
FUR-CH-10001394,8,2023-03-28
OFF-BI-10004230,214,2023-01-03
OFF-PA-10003395,280,2023-05-15
TEC-AC-10002402,447,2023-05-02
TEC-AC-10003441,5,2023-04-19
OFF-FA-10002280,163,2023-03-10
OFF-EN-10004459,416,2023-03-22
FUR-CH-10000665,356,2023-03-18
OFF-AP-10003884,379,2023-04-15
TEC-PH-10001557,111,2023-04-20
TEC-PH-10002085,487,2023-06-25
OFF-AR-10002956,184,2023-05-29
OFF-AP-10003266,460,2023-04-07
TEC-MA-10004002,175,2023-04-09
OFF-BI-10001071,104,2023-06-15
OFF-PA-10001560,43,2023-06-28
OFF-AR-10002578,162,2023-03-15
FUR-BO-10001519,445,2023-06-06
OFF-BI-10001294,50,2023-05-17
OFF-BI-10001636,132,2023-01-22
OFF-SU-10002503,274,2023-02-18
OFF-LA-10004093,361,2023-04-18
FUR-FU-10003878,367,2023-02-06
TEC-AC-10000710,129,2023-06-21
OFF-AR-10002335,417,2023-04-19
OFF-PA-10001870,376,2023-03-01
OFF-PA-10001019,366,2023-06-21
OFF-SU-10002537,2,2023-01-26
OFF-ST-10003221,303,2023-01-11
OFF-AR-10003752,357,2023-05-09
TEC-AC-10001714,346,2023-06-17
OFF-AR-10003958,234,2023-04-05
TEC-PH-10002923,145,2023-05-20
OFF-LA-10004272,366,2023-03-09
FUR-FU-10000965,227,2023-05-27
OFF-LA-10004853,183,2023-02-19
OFF-BI-10003719,223,2023-02-24
OFF-BI-10000545,361,2023-04-04
OFF-PA-10003591,358,2023-04-30
OFF-PA-10001790,9,2023-06-09
TEC-AC-10002049,452,2023-01-16
OFF-BI-10003712,349,2023-04-02
OFF-BI-10003984,486,2023-01-08
FUR-FU-10001424,362,2023-03-26
OFF-BI-10002071,22,2023-03-16
OFF-ST-10002486,338,2023-05-23
TEC-AC-10000927,206,2023-04-16
OFF-PA-10001622,162,2023-06-14
OFF-AR-10003158,188,2023-06-09
TEC-PH-10002660,435,2023-04-28
OFF-BI-10003364,205,2023-03-28
OFF-EN-10001099,341,2023-06-27
OFF-PA-10002250,487,2023-02-11
OFF-BI-10004716,85,2023-06-05
OFF-LA-10001045,287,2023-04-15
OFF-BI-10001510,281,2023-01-01
OFF-PA-10002947,69,2023-02-05
OFF-PA-10000019,471,2023-03-06
FUR-BO-10003441,480,2023-05-20
TEC-PH-10004774,355,2023-06-06
OFF-BI-10003684,40,2023-03-29
TEC-PH-10001494,50,2023-03-07
TEC-AC-10004666,313,2023-05-11
OFF-ST-10003816,49,2023-04-01
FUR-TA-10001520,93,2023-02-21
OFF-ST-10001558,194,2023-03-29
TEC-AC-10002473,480,2023-06-12
TEC-PH-10004531,351,2023-06-29
OFF-AP-10004487,388,2023-03-16
OFF-PA-10003543,158,2023-01-31
TEC-AC-10004353,483,2023-01-10
OFF-AR-10001468,309,2023-02-06
OFF-PA-10002195,301,2023-06-09
OFF-PA-10001745,406,2023-06-09
OFF-PA-10000289,208,2023-03-12
OFF-AP-10003040,17,2023-02-13
OFF-PA-10000350,152,2023-04-12
OFF-BI-10001759,401,2023-02-20
OFF-ST-10001496,466,2023-02-19
OFF-BI-10002931,175,2023-05-18
FUR-TA-10002356,208,2023-05-12
FUR-FU-10003601,214,2023-01-24
FUR-TA-10004154,447,2023-03-01
OFF-PA-10000788,103,2023-02-06
FUR-FU-10001940,399,2023-06-22
OFF-BI-10004465,245,2023-02-18
OFF-PA-10002333,161,2023-01-29
FUR-FU-10004188,225,2023-06-10
OFF-BI-10000145,403,2023-05-25
OFF-LA-10001613,113,2023-04-08
OFF-LA-10004055,309,2023-02-09
OFF-PA-10004621,383,2023-05-09
OFF-PA-10001281,364,2023-02-08
OFF-ST-10001097,63,2023-06-13
FUR-FU-10001095,443,2023-03-21
OFF-BI-10002012,475,2023-02-15
OFF-PA-10004156,477,2023-01-21
OFF-AR-10000034,184,2023-01-05
TEC-PH-10000560,467,2023-05-01
OFF-EN-10000461,465,2023-06-02
TEC-MA-10003066,342,2023-03-26
OFF-BI-10004022,166,2023-04-24
OFF-AR-10001988,286,2023-03-24
OFF-PA-10003625,303,2023-03-09
OFF-BI-10003925,188,2023-01-06
OFF-EN-10003862,356,2023-04-01
FUR-FU-10002885,499,2023-02-23
TEC-AC-10003033,177,2023-01-14
OFF-ST-10000046,112,2023-05-08
OFF-BI-10002049,159,2023-06-09
FUR-FU-10001602,438,2023-05-22
OFF-ST-10003722,108,2023-01-22
TEC-AC-10003198,149,2023-01-09
FUR-FU-10002191,248,2023-06-13
TEC-PH-10004188,202,2023-03-13
OFF-ST-10001526,329,2023-06-12
OFF-AR-10001166,273,2023-06-04
FUR-CH-10000309,117,2023-03-04
TEC-MA-10004212,436,2023-01-23
OFF-EN-10003072,203,2023-06-24
OFF-BI-10000320,236,2023-03-21
OFF-PA-10001166,210,2023-03-13
OFF-PA-10003656,217,2023-03-28
TEC-PH-10000148,322,2023-06-24
TEC-PH-10003885,160,2023-01-29
OFF-LA-10001175,413,2023-06-12
OFF-PA-10000955,122,2023-02-06
FUR-FU-10003975,122,2023-01-23
OFF-BI-10003707,171,2023-01-22
OFF-AR-10000203,282,2023-05-20
OFF-AR-10004790,469,2023-05-15
TEC-AC-10004761,399,2023-06-21
FUR-BO-10001811,160,2023-01-20
OFF-AR-10001130,96,2023-05-12
OFF-AP-10000055,282,2023-01-23
FUR-CH-10002304,496,2023-02-26
FUR-FU-10000293,17,2023-02-21
OFF-PA-10001307,160,2023-02-21
FUR-FU-10004460,43,2023-01-14
OFF-AR-10000716,363,2023-03-19
FUR-FU-10004622,201,2023-06-12
OFF-BI-10003529,108,2023-03-30
OFF-BI-10001597,254,2023-02-03
OFF-FA-10001754,360,2023-01-09
OFF-FA-10004838,362,2023-02-28
TEC-PH-10002115,323,2023-06-03
OFF-FA-10003059,404,2023-05-13
OFF-BI-10004330,28,2023-01-03
OFF-BI-10003669,394,2023-03-12
OFF-BI-10003727,448,2023-05-04
TEC-AC-10003447,212,2023-06-26
OFF-AR-10000255,479,2023-05-11
OFF-AP-10002191,87,2023-02-02
OFF-PA-10000349,397,2023-06-23
FUR-CH-10002880,297,2023-01-21
OFF-PA-10003127,226,2023-03-12
TEC-MA-10003979,113,2023-05-28
OFF-PA-10000029,495,2023-01-18
OFF-LA-10000452,39,2023-03-12
TEC-PH-10001819,150,2023-03-13
OFF-AR-10002952,457,2023-06-13
TEC-PH-10000576,269,2023-05-18
OFF-PA-10000605,47,2023-06-23
OFF-ST-10004340,490,2023-04-12
OFF-BI-10004001,32,2023-05-04
FUR-TA-10004147,35,2023-06-07
OFF-AR-10001545,174,2023-04-21
TEC-AC-10001013,273,2023-04-11
OFF-AR-10002255,172,2023-02-01
OFF-PA-10001892,101,2023-05-03
OFF-BI-10003676,352,2023-04-05
OFF-FA-10003495,286,2023-05-08
OFF-EN-10003798,316,2023-03-04
TEC-PH-10003589,314,2023-01-30
OFF-PA-10004735,266,2023-01-13
FUR-BO-10002206,406,2023-06-09
OFF-PA-10000141,307,2023-01-20
TEC-PH-10001061,5,2023-02-27
OFF-AR-10002375,415,2023-03-27
OFF-EN-10001539,165,2023-02-21
FUR-TA-10004086,131,2023-01-05
OFF-PA-10000100,253,2023-05-06
OFF-LA-10000973,127,2023-04-21
OFF-ST-10001476,281,2023-04-30
OFF-EN-10002831,55,2023-04-16
OFF-PA-10001763,349,2023-03-10
OFF-BI-10002072,470,2023-05-13
OFF-FA-10001561,491,2023-04-22
TEC-MA-10004241,65,2023-04-05
OFF-AP-10003849,140,2023-04-11
OFF-FA-10000735,46,2023-06-09
OFF-BI-10003350,146,2023-04-06
TEC-PH-10000307,183,2023-01-12
TEC-CO-10004202,195,2023-06-15
FUR-FU-10001852,351,2023-02-18
OFF-AR-10003759,498,2023-05-17
OFF-ST-10004337,280,2023-02-22
FUR-TA-10001932,64,2023-06-13
FUR-CH-10002126,289,2023-06-13
TEC-PH-10004700,271,2023-01-23
OFF-BI-10003429,62,2023-03-10
FUR-FU-10004952,263,2023-05-18
OFF-PA-10003172,482,2023-03-30
OFF-ST-10002352,166,2023-05-09
OFF-PA-10002259,347,2023-05-19
OFF-BI-10002976,309,2023-02-06
OFF-BI-10003694,96,2023-06-22
OFF-LA-10004425,323,2023-01-24
FUR-CH-10001270,179,2023-01-05
TEC-PH-10004539,196,2023-04-11
TEC-PH-10003655,334,2023-04-07
OFF-BI-10004656,217,2023-03-02
OFF-ST-10002344,302,2023-06-28
TEC-PH-10004447,67,2023-06-01
FUR-CH-10003973,356,2023-05-08
OFF-PA-10000682,82,2023-03-06
FUR-FU-10002268,370,2023-01-07
TEC-AC-10001990,91,2023-01-14
FUR-CH-10004540,275,2023-03-10
OFF-ST-10002292,451,2023-06-06
OFF-AR-10004999,308,2023-06-04
OFF-BI-10001031,307,2023-04-28
OFF-BI-10002432,278,2023-05-21
FUR-FU-10001867,303,2023-02-05
TEC-PH-10002200,488,2023-04-11
TEC-PH-10000439,473,2023-01-11
OFF-PA-10001685,323,2023-04-09
OFF-ST-10001418,360,2023-01-01
OFF-ST-10000676,248,2023-02-07
OFF-AR-10001022,181,2023-04-23
OFF-EN-10003055,348,2023-01-18
TEC-CO-10001046,232,2023-01-18
FUR-FU-10000076,358,2023-03-04
FUR-FU-10003268,129,2023-06-15
FUR-FU-10003691,464,2023-06-12
OFF-AR-10003903,47,2023-03-24
TEC-PH-10003442,345,2023-03-28
OFF-BI-10004519,222,2023-03-05
OFF-EN-10004955,334,2023-04-25
FUR-TA-10004619,198,2023-04-06
FUR-BO-10004467,479,2023-02-18
OFF-AR-10002280,483,2023-05-21
FUR-CH-10001708,26,2023-05-22
OFF-AR-10000462,187,2023-05-19
TEC-PH-10004165,271,2023-01-16
FUR-FU-10003724,407,2023-03-11
FUR-FU-10003535,445,2023-03-26
OFF-ST-10003716,19,2023-02-16
TEC-PH-10004586,225,2023-05-16
OFF-BI-10004236,199,2023-05-27
OFF-AR-10000422,174,2023-02-18
OFF-PA-10002870,28,2023-03-19
OFF-ST-10000563,117,2023-04-02
OFF-BI-10002854,474,2023-05-11
FUR-CH-10001973,407,2023-02-17
TEC-AC-10000580,353,2023-01-21
OFF-AR-10004022,397,2023-01-18
TEC-AC-10004209,473,2023-06-01
TEC-AC-10000023,224,2023-01-01
TEC-PH-10003505,14,2023-02-07
OFF-LA-10000121,269,2023-05-14
OFF-BI-10002026,491,2023-05-26
OFF-PA-10000994,294,2023-02-11
OFF-BI-10002813,169,2023-05-06
OFF-AR-10004817,153,2023-03-05
OFF-AR-10001860,25,2023-03-30
OFF-BI-10004970,305,2023-04-16
OFF-PA-10002968,33,2023-01-14
FUR-BO-10003433,222,2023-04-21
FUR-FU-10002554,313,2023-01-26
TEC-PH-10003437,296,2023-05-17
OFF-AP-10003971,28,2023-02-05
FUR-CH-10003846,148,2023-03-13
OFF-LA-10001404,113,2023-06-06
OFF-LA-10001474,359,2023-02-28
OFF-PA-10003072,34,2023-04-28
FUR-FU-10004960,428,2023-03-29
TEC-AC-10003116,458,2023-02-05
OFF-AP-10004859,278,2023-06-07
OFF-PA-10002659,40,2023-03-16
OFF-BI-10004139,9,2023-02-21
OFF-AR-10002818,450,2023-06-08
OFF-AP-10001303,437,2023-02-01
OFF-ST-10002574,442,2023-05-05
FUR-FU-10004018,344,2023-06-26
TEC-PH-10002549,414,2023-02-12
OFF-PA-10004911,269,2023-05-02
TEC-MA-10002178,56,2023-01-29
OFF-AR-10000411,128,2023-03-23
OFF-LA-10000262,66,2023-02-03
OFF-PA-10000466,414,2023-06-14
OFF-AR-10003829,116,2023-05-05
OFF-BI-10001758,391,2023-01-23
OFF-BI-10000136,404,2023-01-28
OFF-ST-10000649,194,2023-05-03
OFF-PA-10003641,458,2023-03-19
FUR-CH-10002961,176,2023-05-24
OFF-PA-10004041,33,2023-01-09
TEC-PH-10001336,354,2023-05-24
TEC-MA-10003183,108,2023-04-28
TEC-AC-10001314,411,2023-01-18
TEC-AC-10004510,129,2023-01-06
OFF-BI-10000042,290,2023-04-15
FUR-TA-10003008,430,2023-05-30
OFF-AP-10003590,314,2023-06-09
OFF-PA-10000806,180,2023-03-01
OFF-AR-10000896,121,2023-05-21
TEC-PH-10002310,496,2023-06-07
OFF-ST-10002289,431,2023-04-19
OFF-PA-10001289,48,2023-03-31
OFF-FA-10000053,51,2023-04-29
OFF-EN-10003001,398,2023-05-14
FUR-TA-10002958,220,2023-01-21
FUR-TA-10001676,15,2023-01-21
OFF-BI-10000822,159,2023-06-27
OFF-PA-10004888,351,2023-04-24
FUR-TA-10002622,29,2023-06-22
OFF-PA-10000418,68,2023-04-13
FUR-TA-10001039,358,2023-06-10
OFF-AR-10002240,180,2023-03-18
OFF-BI-10002867,274,2023-03-31
FUR-FU-10003976,181,2023-06-01
TEC-PH-10002922,295,2023-04-02
OFF-PA-10000501,290,2023-04-28
OFF-AP-10004980,329,2023-02-27
TEC-PH-10001750,0,2023-05-25
OFF-BI-10003708,138,2023-03-22
OFF-BI-10001191,103,2023-02-25
OFF-PA-10003673,197,2023-06-28
OFF-PA-10001639,116,2023-04-29
TEC-AC-10004975,226,2023-04-29
OFF-BI-10004364,164,2023-01-26
OFF-PA-10001712,427,2023-03-30
FUR-CH-10004289,392,2023-06-22
TEC-PH-10002564,27,2023-01-19
OFF-BI-10004876,362,2023-03-01
TEC-PH-10004348,293,2023-04-04
OFF-BI-10004352,375,2023-06-22
OFF-BI-10000666,341,2023-03-03
TEC-MA-10000010,153,2023-05-11
OFF-BI-10000977,304,2023-04-19
FUR-TA-10002530,11,2023-04-12
FUR-FU-10001473,340,2023-03-23
OFF-BI-10001765,117,2023-02-22
FUR-CH-10000847,137,2023-01-09
OFF-PA-10001293,491,2023-03-22
FUR-FU-10004270,449,2023-02-19
OFF-AR-10003770,88,2023-03-24
OFF-LA-10003121,15,2023-02-04
OFF-PA-10002262,118,2023-02-12
OFF-PA-10002464,184,2023-04-22
OFF-ST-10002214,344,2023-02-28
OFF-PA-10000130,7,2023-01-17
TEC-AC-10000865,75,2023-04-23
OFF-FA-10003021,240,2023-05-28
TEC-PH-10003580,1,2023-03-25
TEC-AC-10001109,490,2023-05-31
OFF-PA-10001838,154,2023-06-12
OFF-ST-10004950,189,2023-03-28
OFF-PA-10003823,320,2023-06-28
TEC-PH-10001300,80,2023-05-18
FUR-TA-10003715,337,2023-03-10
TEC-MA-10004458,67,2023-03-25
OFF-BI-10004965,276,2023-05-07
OFF-AR-10001419,223,2023-02-16
OFF-PA-10002586,201,2023-04-13
OFF-AR-10002221,376,2023-05-06
FUR-FU-10002456,143,2023-01-01
OFF-FA-10004968,491,2023-03-10
OFF-PA-10001274,196,2023-01-23
OFF-PA-10001125,474,2023-02-02
OFF-ST-10000344,303,2023-03-22
OFF-ST-10003324,480,2023-03-27
OFF-ST-10000419,484,2023-04-17
OFF-AP-10001626,399,2023-01-11
FUR-FU-10003981,452,2023-04-30
OFF-ST-10001291,279,2023-04-06
OFF-AP-10004868,280,2023-03-19
OFF-LA-10002195,96,2023-02-14
OFF-AR-10001315,15,2023-06-27
OFF-EN-10003134,34,2023-03-12
OFF-AR-10001955,314,2023-05-13
OFF-LA-10001641,14,2023-05-28
OFF-ST-10001370,338,2023-04-18
TEC-AC-10003038,341,2023-06-22
OFF-BI-10000088,414,2023-05-31
OFF-AR-10003504,114,2023-04-11
OFF-EN-10003160,423,2023-03-02
TEC-AC-10003280,398,2023-06-27
TEC-PH-10000169,255,2023-01-02
OFF-PA-10001526,174,2023-01-10
OFF-AP-10004336,108,2023-05-25
OFF-PA-10001357,291,2023-02-21
OFF-FA-10000992,69,2023-01-16
OFF-AR-10001221,216,2023-05-29
TEC-PH-10004830,350,2023-06-06
OFF-PA-10004519,320,2023-01-12
FUR-BO-10000362,322,2023-05-13
OFF-PA-10000308,163,2023-06-02
OFF-SU-10001165,276,2023-03-18
FUR-FU-10001488,272,2023-05-14
OFF-AR-10003251,280,2023-03-24
OFF-AR-10001044,490,2023-04-08
OFF-AR-10000823,475,2023-01-17
OFF-AR-10004456,90,2023-02-22
OFF-BI-10000591,298,2023-04-01
TEC-PH-10000441,215,2023-05-20
TEC-AC-10004855,265,2023-05-14
OFF-AR-10001915,308,2023-02-06
OFF-ST-10000352,313,2023-02-01
OFF-PA-10000575,247,2023-05-10
FUR-FU-10002937,356,2023-05-28
TEC-AC-10003063,161,2023-04-29
FUR-FU-10004415,387,2023-02-12
OFF-ST-10002011,405,2023-06-29
TEC-PH-10000038,240,2023-03-05
OFF-PA-10002689,223,2023-02-21
TEC-CO-10001766,358,2023-05-09
OFF-PA-10004359,193,2023-03-15
OFF-FA-10001135,364,2023-02-03
OFF-BI-10004224,328,2023-05-06
TEC-PH-10003357,202,2023-01-30
OFF-PA-10004475,312,2023-01-25
OFF-PA-10003001,81,2023-05-01
OFF-FA-10000611,187,2023-03-19
OFF-BI-10001116,186,2023-01-11
TEC-PH-10004922,80,2023-03-31
OFF-BI-10002353,491,2023-04-11
OFF-FA-10002676,21,2023-02-24
TEC-AC-10003023,147,2023-01-25
OFF-PA-10000167,384,2023-05-05
TEC-PH-10002185,72,2023-06-05
FUR-FU-10000758,393,2023-06-17
TEC-MA-10004679,176,2023-03-15
OFF-AP-10002495,81,2023-05-22
OFF-BI-10002414,247,2023-01-09
TEC-AC-10003133,114,2023-05-01
TEC-AC-10002006,434,2023-01-17
OFF-LA-10002381,408,2023-02-22
OFF-FA-10001843,98,2023-02-04
OFF-LA-10003077,89,2023-05-19
OFF-PA-10003424,475,2023-04-06
OFF-PA-10004405,421,2023-05-15
FUR-BO-10003965,117,2023-02-14
FUR-FU-10002088,274,2023-02-19
TEC-AC-10000736,54,2023-02-25
FUR-BO-10003966,152,2023-05-27
OFF-AP-10000828,170,2023-01-17
OFF-AP-10002906,182,2023-06-12
OFF-AP-10003860,77,2023-03-30
FUR-TA-10001307,181,2023-06-11
OFF-AP-10002082,181,2023-04-04
TEC-AC-10003590,352,2023-04-27
OFF-PA-10004355,188,2023-04-14
OFF-PA-10004947,339,2023-06-02
FUR-TA-10004607,329,2023-04-21
OFF-PA-10003893,50,2023-03-08
TEC-PH-10001817,465,2023-01-08
FUR-BO-10000330,407,2023-05-15
OFF-BI-10001900,443,2023-04-20
FUR-BO-10003159,194,2023-01-21
FUR-FU-10001591,352,2023-05-19
OFF-LA-10002034,81,2023-06-13
OFF-BI-10001628,60,2023-03-13
OFF-ST-10000877,398,2023-06-13
OFF-AR-10004752,104,2023-06-18
OFF-PA-10000675,386,2023-06-23
OFF-PA-10001609,45,2023-02-28
TEC-PH-10001615,261,2023-02-13
TEC-AC-10004568,322,2023-03-29
FUR-CH-10001854,366,2023-01-11
TEC-PH-10000455,470,2023-03-07
OFF-PA-10001994,220,2023-04-29
TEC-AC-10002926,7,2023-02-20
TEC-PH-10004897,236,2023-06-02
FUR-FU-10001196,377,2023-01-27
OFF-PA-10000595,125,2023-05-22
OFF-LA-10000443,263,2023-01-02
OFF-LA-10001771,475,2023-06-28
OFF-AP-10001394,389,2023-05-31
FUR-FU-10002553,433,2023-02-18
OFF-AP-10004233,22,2023-02-18
FUR-CH-10004754,403,2023-02-06
OFF-PA-10000809,339,2023-03-08
FUR-FU-10002878,118,2023-03-02
TEC-PH-10002624,65,2023-01-28
TEC-PH-10002885,139,2023-01-05
TEC-PH-10000895,91,2023-01-20
TEC-MA-10000488,404,2023-02-13
OFF-PA-10003729,314,2023-05-08
OFF-AP-10001005,82,2023-03-22
FUR-CH-10000988,43,2023-02-26
FUR-FU-10001986,469,2023-02-02
FUR-FU-10004973,140,2023-06-06
OFF-ST-10000464,346,2023-02-22
OFF-PA-10000528,219,2023-04-14
OFF-PA-10003129,81,2023-04-05
OFF-AR-10003631,107,2023-03-03
OFF-BI-10002133,55,2023-05-22
TEC-PH-10004959,29,2023-02-11
FUR-BO-10001918,433,2023-02-28
TEC-PH-10002824,24,2023-03-01
OFF-PA-10003309,304,2023-04-25
OFF-ST-10002554,464,2023-01-25
OFF-AR-10002067,3,2023-05-28
FUR-TA-10004175,218,2023-04-16
FUR-TA-10004767,272,2023-05-04
OFF-EN-10002621,432,2023-04-27
OFF-LA-10003714,459,2023-03-24
FUR-FU-10001889,256,2023-04-08
OFF-AR-10003723,423,2023-02-17
OFF-PA-10000241,361,2023-06-22
OFF-AR-10001446,424,2023-02-16
OFF-BI-10001359,160,2023-04-10
OFF-EN-10001749,5,2023-05-29
OFF-BI-10004390,31,2023-05-27
TEC-PH-10004924,250,2023-02-03
FUR-CH-10000155,247,2023-05-13
OFF-BI-10001757,223,2023-02-06
FUR-FU-10004093,470,2023-04-30
FUR-FU-10001037,121,2023-02-02
OFF-PA-10001878,55,2023-01-03
TEC-MA-10003674,328,2023-03-16
OFF-LA-10003190,196,2023-05-31
TEC-PH-10001809,0,2023-05-05
OFF-BI-10003091,261,2023-03-05
FUR-CH-10003981,399,2023-02-09
OFF-ST-10002562,103,2023-06-08
TEC-PH-10004345,300,2023-03-21
TEC-PH-10001198,335,2023-04-24
OFF-PA-10001972,431,2023-05-18
TEC-PH-10002483,95,2023-06-17
FUR-BO-10000468,260,2023-04-11
TEC-AC-10001284,387,2023-05-29
OFF-BI-10002082,15,2023-01-15
OFF-ST-10001505,83,2023-02-14
OFF-AR-10004582,411,2023-06-25
TEC-AC-10002842,440,2023-01-10
OFF-AP-10004785,222,2023-05-15
TEC-AC-10002217,444,2023-05-21
OFF-BI-10002954,426,2023-03-07
OFF-AP-10003281,356,2023-03-08
OFF-SU-10000898,494,2023-05-09
OFF-BI-10001249,365,2023-04-20
TEC-AC-10002718,89,2023-01-12
TEC-PH-10002352,81,2023-01-27
FUR-CH-10003774,393,2023-01-21
OFF-AR-10000127,320,2023-05-25
TEC-PH-10003811,369,2023-06-27
OFF-BI-10002393,371,2023-03-26
FUR-TA-10002855,368,2023-04-18
OFF-EN-10000781,83,2023-06-15
OFF-PA-10002160,181,2023-02-13
OFF-AR-10002257,91,2023-04-14
OFF-FA-10004395,277,2023-06-03
OFF-AP-10002534,56,2023-01-22
FUR-BO-10003034,72,2023-06-05
OFF-ST-10000943,455,2023-05-31
OFF-PA-10000533,236,2023-06-04
OFF-ST-10001172,351,2023-01-14
OFF-PA-10001661,209,2023-05-30
OFF-BI-10004817,37,2023-01-30
FUR-CH-10003833,136,2023-03-20
FUR-FU-10003142,71,2023-02-23
TEC-AC-10001114,464,2023-03-25
OFF-FA-10002975,440,2023-03-24
OFF-ST-10003996,294,2023-02-01
OFF-BI-10002571,150,2023-06-23
OFF-PA-10000477,439,2023-01-31
OFF-BI-10004209,160,2023-04-06
TEC-AC-10002800,486,2023-03-21
FUR-TA-10003954,465,2023-02-26
TEC-AC-10003289,204,2023-04-20
TEC-PH-10002468,92,2023-02-14
OFF-PA-10001295,258,2023-05-04
OFF-LA-10000248,335,2023-01-12
OFF-FA-10004076,479,2023-05-17
OFF-LA-10004008,461,2023-03-19
OFF-AR-10001177,336,2023-06-04
OFF-BI-10001718,123,2023-05-11
OFF-AR-10004602,279,2023-01-18
OFF-ST-10000078,181,2023-01-25
OFF-AR-10004272,230,2023-06-20
TEC-PH-10001578,115,2023-05-30
OFF-ST-10003638,186,2023-04-23
FUR-BO-10002213,5,2023-01-02
OFF-EN-10003040,291,2023-02-15
TEC-PH-10000923,50,2023-05-20
FUR-FU-10003623,414,2023-04-22
OFF-AP-10000124,299,2023-01-06
OFF-AR-10004511,368,2023-04-28
OFF-PA-10003883,69,2023-03-14
TEC-PH-10002807,478,2023-02-13
FUR-FU-10002364,145,2023-01-19
OFF-SU-10001664,80,2023-03-11
FUR-TA-10003238,123,2023-04-07
TEC-PH-10001536,162,2023-06-08
OFF-AR-10004956,495,2023-05-27
OFF-AR-10003696,292,2023-03-22
OFF-PA-10000551,410,2023-05-02
OFF-BI-10004506,285,2023-01-28
FUR-CH-10002084,179,2023-02-16
OFF-AP-10000692,138,2023-05-31
OFF-AP-10000252,179,2023-03-03
FUR-FU-10004748,155,2023-05-15
OFF-AR-10000538,106,2023-03-01
TEC-PH-10001079,200,2023-02-24
OFF-AP-10003842,92,2023-03-02
FUR-CH-10000553,368,2023-03-17
OFF-PA-10003790,477,2023-04-17
FUR-BO-10002202,207,2023-02-20
OFF-AP-10002765,188,2023-01-20
OFF-ST-10003692,400,2023-04-26
TEC-PH-10001051,437,2023-03-02
OFF-AR-10000817,113,2023-05-11
FUR-FU-10004597,202,2023-06-27
OFF-BI-10002982,270,2023-04-14
OFF-PA-10004285,410,2023-03-30
OFF-AP-10001391,203,2023-06-03
TEC-PH-10001944,416,2023-06-14
OFF-PA-10001776,44,2023-05-24
TEC-AC-10004145,332,2023-04-07
OFF-PA-10003919,366,2023-06-21
OFF-PA-10002001,32,2023-06-14
OFF-PA-10002787,421,2023-03-19
OFF-ST-10003123,100,2023-01-10
FUR-FU-10000308,433,2023-06-05
TEC-CO-10003763,269,2023-06-10
FUR-TA-10001866,151,2023-01-28
OFF-AP-10002222,384,2023-01-19
OFF-PA-10003971,451,2023-06-05
OFF-AP-10004036,205,2023-03-29
OFF-AP-10002287,38,2023-03-29
FUR-TA-10001950,131,2023-04-01
TEC-PH-10001527,257,2023-01-13
TEC-AC-10003095,111,2023-02-22
TEC-AC-10000358,411,2023-01-07
OFF-EN-10004147,376,2023-04-30
FUR-FU-10001468,285,2023-01-31
OFF-PA-10000380,312,2023-04-26
OFF-AP-10000026,487,2023-06-05
OFF-PA-10003936,455,2023-05-26
FUR-FU-10002501,123,2023-03-23
OFF-AP-10001205,251,2023-03-12
OFF-BI-10004141,116,2023-02-24
OFF-BI-10000632,389,2023-06-17
TEC-AC-10004864,199,2023-05-12
TEC-MA-10000597,254,2023-03-05
OFF-PA-10002960,39,2023-05-13
OFF-PA-10000919,343,2023-03-27
OFF-BI-10001553,165,2023-06-17
OFF-AP-10004540,484,2023-02-02
FUR-CH-10001714,81,2023-05-27
FUR-FU-10002298,300,2023-04-24
OFF-AR-10000315,302,2023-04-22
OFF-FA-10000936,23,2023-02-05
OFF-SU-10004768,206,2023-01-24
OFF-PA-10002581,298,2023-04-20
OFF-AP-10002403,133,2023-05-15
OFF-AR-10003087,493,2023-02-23
TEC-PH-10000141,111,2023-05-13
TEC-CO-10000971,7,2023-03-18
OFF-FA-10001229,266,2023-06-28
OFF-BI-10002437,332,2023-04-29
OFF-PA-10004255,76,2023-06-13
TEC-AC-10002637,99,2023-06-18
FUR-BO-10000780,488,2023-01-21
TEC-PH-10003072,432,2023-01-15
TEC-MA-10000112,248,2023-02-14
TEC-AC-10004171,457,2023-03-25
FUR-TA-10002645,280,2023-03-29
OFF-BI-10003784,276,2023-04-08
OFF-BI-10001617,483,2023-05-02
FUR-CH-10002439,157,2023-02-06
OFF-AP-10003057,494,2023-06-02
FUR-TA-10000849,182,2023-04-07
OFF-EN-10002973,432,2023-05-02
OFF-BI-10003963,135,2023-04-27
OFF-LA-10000081,152,2023-01-09
OFF-PA-10000726,361,2023-02-17
OFF-PA-10004983,240,2023-04-08
FUR-FU-10002107,253,2023-04-21
FUR-CH-10001190,407,2023-01-28
TEC-AC-10000682,472,2023-04-28
OFF-LA-10004545,48,2023-04-04
OFF-SU-10002557,164,2023-02-21
TEC-PH-10000912,400,2023-03-06
OFF-AR-10001473,349,2023-05-29
TEC-PH-10001835,179,2023-03-20
OFF-PA-10002245,66,2023-04-13
OFF-EN-10004483,200,2023-03-22
OFF-SU-10000151,229,2023-06-09
TEC-PH-10000675,386,2023-01-16
OFF-ST-10003470,257,2023-05-26
OFF-LA-10004559,488,2023-01-22
OFF-AP-10002651,202,2023-03-03
TEC-AC-10002550,273,2023-03-18
OFF-BI-10000829,481,2023-04-28
TEC-PH-10002555,65,2023-01-28
FUR-BO-10003450,499,2023-03-03
FUR-FU-10004665,104,2023-02-19
TEC-PH-10000369,246,2023-06-19
TEC-AC-10001590,217,2023-01-26
FUR-FU-10004909,10,2023-01-22
FUR-BO-10004357,360,2023-05-18
TEC-AC-10000387,279,2023-05-27
OFF-BI-10001308,26,2023-01-20
OFF-AP-10002734,486,2023-03-21
FUR-FU-10004587,349,2023-04-11
TEC-PH-10004833,478,2023-03-08
FUR-FU-10001847,469,2023-04-13
FUR-FU-10002045,236,2023-02-16
FUR-TA-10003569,36,2023-06-03
OFF-PA-10001752,460,2023-05-07
TEC-MA-10003356,21,2023-04-12
OFF-AR-10003727,342,2023-04-17
TEC-AC-10001635,231,2023-06-10
OFF-LA-10003663,132,2023-04-19
TEC-CO-10004722,106,2023-02-15
TEC-MA-10002210,50,2023-05-29
OFF-BI-10003196,36,2023-01-02
FUR-CH-10002017,16,2023-02-14
FUR-FU-10003829,372,2023-01-13
OFF-PA-10000697,412,2023-03-07
OFF-AR-10004691,179,2023-03-12
OFF-BI-10000948,236,2023-06-11
OFF-PA-10000223,471,2023-01-22
OFF-PA-10000062,195,2023-01-15
FUR-BO-10003404,391,2023-05-25
OFF-BI-10004233,180,2023-01-16
TEC-PH-10002834,412,2023-05-26
FUR-CH-10003761,167,2023-01-02
OFF-PA-10004665,441,2023-01-08
OFF-BI-10001196,204,2023-04-27
TEC-MA-10002981,296,2023-06-22
TEC-PH-10003601,479,2023-01-30
OFF-BI-10002003,80,2023-01-06
OFF-PA-10003016,460,2023-01-13
OFF-PA-10002246,386,2023-06-05
TEC-PH-10002890,158,2023-05-10
TEC-MA-10003626,10,2023-04-07
TEC-MA-10002412,491,2023-03-04
OFF-AR-10003183,390,2023-03-26
OFF-PA-10002319,173,2023-02-26
OFF-PA-10001246,153,2023-05-09
OFF-PA-10001815,252,2023-06-21
FUR-FU-10001876,121,2023-01-02
TEC-PH-10000673,237,2023-01-21
TEC-PH-10002075,42,2023-03-11
TEC-PH-10003691,341,2023-01-21
OFF-SU-10000157,475,2023-03-19
TEC-AC-10004227,13,2023-05-29
TEC-AC-10004127,199,2023-02-06
FUR-CH-10002758,66,2023-05-21
OFF-ST-10000532,466,2023-06-05
TEC-AC-10003709,384,2023-05-10
OFF-BI-10003166,382,2023-06-06
OFF-ST-10004835,111,2023-02-11
OFF-AP-10000159,485,2023-05-25
OFF-AP-10001242,55,2023-05-01
TEC-AC-10003433,284,2023-03-28
TEC-PH-10003187,402,2023-03-26
OFF-FA-10002763,388,2023-06-07
OFF-PA-10004239,482,2023-03-14
FUR-FU-10001185,403,2023-04-08
OFF-PA-10003270,68,2023-05-31
OFF-PA-10002421,98,2023-03-10
OFF-PA-10002923,277,2023-05-31
OFF-ST-10001128,219,2023-05-16
OFF-PA-10000520,175,2023-02-13
FUR-FU-10003832,312,2023-02-21
FUR-FU-10000409,376,2023-04-22
TEC-PH-10004389,430,2023-05-25
OFF-SU-10000946,489,2023-02-22
FUR-FU-10001546,157,2023-01-16
OFF-PA-10000791,466,2023-05-14
FUR-FU-10000771,75,2023-01-19
OFF-ST-10002615,392,2023-06-15
OFF-PA-10000327,59,2023-03-23
OFF-EN-10003286,35,2023-06-17
OFF-AR-10003772,63,2023-05-17
OFF-AR-10003338,326,2023-06-11
FUR-FU-10002116,62,2023-02-07
FUR-CH-10000422,414,2023-04-01
FUR-FU-10002685,446,2023-06-22
FUR-FU-10004963,345,2023-04-18
OFF-BI-10000174,14,2023-03-12
FUR-CH-10004875,51,2023-01-24
FUR-FU-10000305,321,2023-04-26
TEC-PH-10001459,261,2023-04-30
FUR-FU-10002445,343,2023-02-02
OFF-PA-10000213,137,2023-01-29
FUR-CH-10001797,275,2023-05-03
OFF-PA-10003848,267,2023-04-16
FUR-FU-10000755,206,2023-06-10
FUR-FU-10000550,47,2023-04-01
TEC-MA-10004521,233,2023-01-27
OFF-AP-10003779,472,2023-02-27
OFF-FA-10002701,331,2023-06-02
OFF-BI-10002799,262,2023-05-29
OFF-AR-10003582,389,2023-02-28
FUR-FU-10004666,223,2023-03-20
OFF-EN-10002312,267,2023-03-16
FUR-CH-10002320,302,2023-01-15
OFF-AR-10001216,343,2023-01-04
FUR-FU-10003247,346,2023-05-01
FUR-TA-10003837,401,2023-05-01
TEC-PH-10002350,318,2023-01-28
TEC-AC-10000397,58,2023-03-12
TEC-AC-10004001,324,2023-05-19
OFF-PA-10001534,491,2023-04-22
FUR-FU-10002379,84,2023-05-21
TEC-PH-10000526,176,2023-03-17
OFF-PA-10001977,29,2023-02-14
FUR-BO-10003660,94,2023-02-06
OFF-BI-10001267,349,2023-06-15
OFF-PA-10002741,180,2023-06-27
OFF-PA-10001471,220,2023-01-24
FUR-FU-10003464,378,2023-06-24
OFF-PA-10004438,115,2023-04-22
FUR-FU-10004586,73,2023-04-03
TEC-PH-10004908,370,2023-06-18
FUR-CH-10004495,31,2023-06-11
TEC-MA-10000418,111,2023-04-07
OFF-BI-10004040,198,2023-05-26
OFF-AR-10001615,143,2023-05-22
TEC-PH-10001299,114,2023-03-20
OFF-AR-10004260,336,2023-02-21
OFF-EN-10004773,360,2023-06-27
OFF-BI-10001787,81,2023-02-07
OFF-ST-10002957,5,2023-06-03
OFF-FA-10001883,369,2023-01-24
TEC-PH-10001644,334,2023-04-13
OFF-LA-10000407,117,2023-04-02
TEC-AC-10000420,126,2023-02-27
OFF-EN-10004846,252,2023-02-16
OFF-SU-10003567,497,2023-02-11
OFF-ST-10002301,449,2023-06-24
TEC-PH-10003095,251,2023-01-21
TEC-PH-10004912,76,2023-06-08
OFF-AR-10000799,6,2023-05-08
OFF-PA-10004609,66,2023-03-08
TEC-PH-10003171,354,2023-03-14
OFF-AP-10000595,81,2023-05-01
TEC-AC-10003399,16,2023-05-15
TEC-MA-10002428,432,2023-04-28
TEC-PH-10001128,292,2023-05-15
OFF-PA-10001033,222,2023-05-11
TEC-AC-10000474,397,2023-05-13
FUR-FU-10002963,343,2023-06-17
FUR-FU-10000193,308,2023-01-20
OFF-BI-10000962,461,2023-03-08
OFF-AP-10002867,28,2023-06-06
FUR-BO-10002916,437,2023-01-24
FUR-TA-10004152,59,2023-06-01
FUR-FU-10000672,450,2023-04-28
FUR-BO-10002598,45,2023-01-26
OFF-PA-10004610,46,2023-06-12
FUR-FU-10000320,487,2023-03-12
FUR-CH-10003535,318,2023-06-17
FUR-FU-10003919,440,2023-03-14
OFF-PA-10000174,6,2023-05-10
FUR-FU-10002703,327,2023-01-10
TEC-PH-10002415,312,2023-03-15
OFF-AR-10000657,367,2023-02-12
OFF-PA-10004996,450,2023-03-29
OFF-PA-10003363,240,2023-03-07
TEC-AC-10002305,170,2023-02-06
TEC-AC-10000990,280,2023-01-05
FUR-BO-10001608,393,2023-02-11
FUR-BO-10000112,42,2023-02-07
TEC-PH-10004120,10,2023-06-09
OFF-BI-10003476,238,2023-03-21
TEC-MA-10002859,295,2023-04-10
OFF-LA-10001982,130,2023-02-15
TEC-PH-10003484,1,2023-06-27
OFF-PA-10000007,247,2023-01-31
OFF-PA-10000552,44,2023-04-22
OFF-AR-10004062,151,2023-01-22
OFF-ST-10000321,127,2023-04-10
TEC-AC-10002134,24,2023-05-16
TEC-PH-10004071,369,2023-06-16
OFF-PA-10004039,348,2023-02-08
OFF-AR-10001725,447,2023-06-29
OFF-AR-10004269,338,2023-03-27
OFF-BI-10003007,478,2023-01-01
OFF-SU-10002522,313,2023-03-30
TEC-AC-10004859,320,2023-05-19
TEC-AC-10002558,90,2023-04-03
FUR-FU-10001731,488,2023-03-28
OFF-SU-10000432,156,2023-05-03
OFF-LA-10004409,477,2023-03-07
OFF-LA-10000476,118,2023-04-10
OFF-AR-10002987,457,2023-05-23
TEC-CO-10001571,428,2023-02-22
FUR-FU-10003026,211,2023-03-24
OFF-ST-10001034,42,2023-03-25
TEC-AC-10000521,490,2023-03-26
OFF-SU-10003002,494,2023-04-30
TEC-PH-10000730,276,2023-03-04
FUR-CH-10004983,362,2023-01-12
OFF-FA-10001332,69,2023-06-04
TEC-AC-10001874,231,2023-01-14
OFF-BI-10000494,145,2023-03-10
FUR-TA-10003469,141,2023-06-24
OFF-AR-10003179,365,2023-06-04
FUR-CH-10003298,330,2023-03-06
OFF-LA-10003537,41,2023-03-02
OFF-PA-10000069,282,2023-02-23
OFF-PA-10004733,155,2023-01-26
TEC-AC-10004814,304,2023-03-20
OFF-SU-10002301,43,2023-05-19
OFF-BI-10004318,422,2023-01-23
TEC-AC-10001539,467,2023-06-21
TEC-PH-10002789,212,2023-02-28
OFF-BI-10004828,388,2023-01-12
OFF-AR-10001770,294,2023-03-06
FUR-FU-10004904,304,2023-04-10
FUR-FU-10002396,472,2023-02-17
TEC-AC-10002331,233,2023-02-01
TEC-AC-10001090,5,2023-06-14
FUR-BO-10004218,126,2023-01-27
TEC-PH-10001619,421,2023-06-04
OFF-PA-10000246,281,2023-03-20
OFF-PA-10001461,81,2023-02-09
OFF-AR-10004165,79,2023-02-08
OFF-EN-10001028,370,2023-05-28
TEC-PH-10003535,496,2023-02-27
FUR-FU-10001085,360,2023-03-14
OFF-AR-10003481,56,2023-03-28
OFF-PA-10002606,29,2023-04-05
FUR-FU-10003731,499,2023-06-20
OFF-AP-10001962,263,2023-04-11
FUR-FU-10003798,154,2023-01-17
OFF-AR-10002704,92,2023-05-27
TEC-AC-10002942,147,2023-03-01
TEC-MA-10001016,362,2023-05-13
TEC-AC-10001553,17,2023-05-10
FUR-FU-10001215,376,2023-06-09
OFF-PA-10002499,484,2023-04-19
TEC-PH-10003215,294,2023-06-23
OFF-LA-10002945,312,2023-03-27
OFF-AR-10002766,210,2023-01-07
TEC-PH-10004434,115,2023-06-11
FUR-BO-10000711,268,2023-01-13
OFF-BI-10001120,413,2023-04-12
OFF-AP-10004655,166,2023-03-18
FUR-BO-10004360,216,2023-01-25
TEC-AC-10000199,311,2023-03-16
TEC-MA-10001127,123,2023-05-17
OFF-AR-10001227,309,2023-03-28
FUR-CH-10000229,284,2023-04-04
FUR-BO-10002853,124,2023-01-03
OFF-PA-10004022,67,2023-05-21
OFF-PA-10004248,410,2023-05-13
OFF-PA-10001363,410,2023-03-13
OFF-BI-10003876,458,2023-01-26
OFF-EN-10004007,76,2023-04-02
FUR-BO-10003894,415,2023-04-14
TEC-MA-10001570,478,2023-05-19
FUR-FU-10003930,317,2023-03-22
OFF-PA-10000232,93,2023-04-14
OFF-AR-10001972,167,2023-02-13
OFF-AR-10004587,279,2023-02-14
OFF-AP-10001366,256,2023-06-12
OFF-BI-10000216,0,2023-03-30
TEC-MA-10001047,462,2023-04-25
OFF-LA-10003720,271,2023-05-24
TEC-MA-10003246,287,2023-05-09
FUR-FU-10000175,220,2023-01-31
OFF-PA-10000556,266,2023-02-20
TEC-AC-10003237,102,2023-03-06
OFF-EN-10003068,131,2023-01-20
FUR-FU-10004053,324,2023-05-19
OFF-PA-10000565,305,2023-02-17
OFF-LA-10000414,476,2023-04-21
OFF-AP-10002998,191,2023-02-09
FUR-BO-10004690,207,2023-06-14
OFF-AR-10002445,43,2023-06-13
FUR-BO-10003546,42,2023-03-29
FUR-TA-10003392,127,2023-04-21
OFF-AR-10003217,26,2023-03-07
OFF-ST-10001932,473,2023-03-02
OFF-AR-10001761,261,2023-03-10
OFF-EN-10003567,374,2023-05-01
OFF-PA-10003022,150,2023-02-08
FUR-TA-10004442,244,2023-02-24
OFF-ST-10000129,342,2023-02-08
OFF-PA-10004948,106,2023-02-02
OFF-PA-10001725,106,2023-01-27
TEC-PH-10000213,411,2023-04-22
OFF-PA-10000807,199,2023-03-20
OFF-ST-10003805,289,2023-04-25
OFF-PA-10004353,366,2023-02-26
OFF-EN-10004206,222,2023-06-11
OFF-LA-10003388,480,2023-01-05
TEC-PH-10000193,165,2023-01-14
FUR-FU-10002111,292,2023-05-16
OFF-ST-10000885,105,2023-02-17
OFF-PA-10002709,389,2023-02-03
FUR-FU-10003424,478,2023-03-18
OFF-BI-10003718,499,2023-05-02
FUR-FU-10002508,224,2023-05-03
OFF-AP-10004052,344,2023-05-19
OFF-PA-10003134,169,2023-02-26
FUR-FU-10000719,187,2023-04-22
FUR-BO-10003893,213,2023-02-04
TEC-CO-10001943,468,2023-05-17
FUR-CH-10000749,459,2023-02-16
OFF-PA-10003228,238,2023-01-03
TEC-AC-10001542,426,2023-05-03
TEC-AC-10004877,396,2023-06-11
TEC-PH-10001305,312,2023-01-01
OFF-PA-10000483,237,2023-06-25
TEC-AC-10000487,146,2023-04-28
TEC-AC-10002018,44,2023-04-23
OFF-PA-10004381,333,2023-06-29
OFF-EN-10001453,393,2023-05-30
OFF-SU-10001212,138,2023-01-16
OFF-BI-10000201,32,2023-06-08
TEC-AC-10004396,491,2023-04-23
OFF-AR-10002467,303,2023-05-01
FUR-FU-10002813,351,2023-02-05
TEC-MA-10000752,477,2023-06-26
FUR-FU-10004845,115,2023-01-13
OFF-FA-10000840,69,2023-01-31
OFF-AR-10001231,311,2023-03-28
TEC-PH-10004875,16,2023-05-29
TEC-PH-10003356,231,2023-02-18
OFF-AP-10002670,430,2023-06-24
OFF-FA-10003485,121,2023-03-02
OFF-AP-10000390,318,2023-03-08
OFF-PA-10002764,402,2023-03-22
OFF-PA-10000143,188,2023-06-15
TEC-MA-10000045,76,2023-03-10
OFF-ST-10000136,430,2023-05-13
TEC-PH-10004522,128,2023-05-01
TEC-PH-10002584,372,2023-03-31
FUR-CH-10004626,31,2023-05-08
TEC-PH-10000562,89,2023-02-16
FUR-FU-10001025,54,2023-03-07
OFF-LA-10004178,463,2023-03-22
OFF-PA-10003797,358,2023-06-08
OFF-EN-10003448,295,2023-02-04
OFF-AP-10000938,50,2023-05-24
OFF-SU-10004737,59,2023-02-06
FUR-TA-10001691,422,2023-06-20
TEC-MA-10003173,266,2023-05-24
OFF-LA-10000305,461,2023-05-23
TEC-PH-10002583,347,2023-03-31
OFF-AR-10003876,329,2023-06-25
OFF-PA-10003063,262,2023-03-11
OFF-PA-10003302,241,2023-03-09
TEC-MA-10000423,442,2023-02-06
TEC-AC-10004992,210,2023-02-15
OFF-BI-10004099,112,2023-01-14
OFF-PA-10001215,55,2023-04-16
TEC-AC-10003870,434,2023-04-26
OFF-AP-10000275,388,2023-01-08
FUR-FU-10003192,488,2023-02-09
OFF-PA-10000859,430,2023-06-19
OFF-AR-10000614,62,2023-03-31
OFF-FA-10000089,24,2023-06-05
FUR-TA-10001771,155,2023-01-16
FUR-CH-10002044,403,2023-05-14
FUR-TA-10001086,389,2023-05-28
OFF-PA-10000048,242,2023-06-14
TEC-MA-10002109,261,2023-04-24
OFF-PA-10003036,32,2023-03-12
TEC-PH-10001870,126,2023-04-16
OFF-ST-10002182,127,2023-05-16
TEC-PH-10001468,127,2023-06-10
OFF-AR-10004010,1,2023-04-23
OFF-ST-10003572,203,2023-03-03
OFF-ST-10003994,44,2023-05-12
FUR-FU-10004245,289,2023-05-20
OFF-EN-10002592,213,2023-04-18
OFF-AR-10000914,304,2023-02-03
OFF-LA-10003498,491,2023-03-16
TEC-MA-10003329,31,2023-01-19
FUR-FU-10000747,174,2023-04-03
TEC-PH-10004100,174,2023-06-08
OFF-ST-10000636,7,2023-02-25
TEC-PH-10003174,386,2023-02-26
OFF-PA-10001497,229,2023-05-13
OFF-PA-10001952,348,2023-03-15
OFF-SU-10004661,40,2023-03-11
OFF-PA-10001826,69,2023-04-23
TEC-MA-10001031,491,2023-04-04
TEC-MA-10003176,103,2023-03-04
TEC-AC-10002647,187,2023-04-07
TEC-PH-10002114,302,2023-06-19
OFF-PA-10001593,54,2023-02-05
TEC-AC-10004803,469,2023-05-31
OFF-PA-10001801,42,2023-04-12
TEC-PH-10000127,227,2023-06-05
OFF-AP-10001564,388,2023-02-01
TEC-AC-10004595,310,2023-03-06
FUR-FU-10002874,8,2023-01-30
TEC-MA-10002073,222,2023-04-14
TEC-PH-10004006,430,2023-03-11
OFF-BI-10000279,356,2023-02-26
OFF-BI-10004308,116,2023-05-13
TEC-PH-10004080,383,2023-02-01
OFF-PA-10001260,72,2023-03-19
OFF-ST-10004946,18,2023-06-18
OFF-PA-10002109,267,2023-02-26
TEC-MA-10004255,348,2023-03-23
FUR-FU-10003095,272,2023-02-24
FUR-FU-10000820,83,2023-06-14
TEC-MA-10002930,264,2023-06-28
OFF-PA-10003205,73,2023-01-23
OFF-LA-10002368,429,2023-03-22
TEC-MA-10003230,365,2023-01-07
OFF-PA-10000295,22,2023-05-11
FUR-FU-10002240,472,2023-06-20
FUR-FU-10001057,444,2023-05-31
FUR-CH-10002073,468,2023-04-07
OFF-AP-10003278,407,2023-01-28
TEC-PH-10002070,47,2023-02-20
FUR-FU-10000277,389,2023-06-25
TEC-AC-10004420,327,2023-02-02
TEC-PH-10004094,228,2023-04-06
TEC-MA-10002790,365,2023-06-05
OFF-AP-10001634,205,2023-02-14
OFF-PA-10001837,489,2023-02-14
OFF-AR-10003896,97,2023-03-26
OFF-BI-10002897,107,2023-04-16
OFF-PA-10001243,282,2023-03-12
FUR-FU-10003806,362,2023-05-20
TEC-MA-10000904,52,2023-02-17
OFF-LA-10002473,92,2023-04-01
FUR-FU-10003374,369,2023-01-25
TEC-MA-10001856,288,2023-01-14
OFF-ST-10003641,122,2023-06-07
OFF-AR-10004707,344,2023-04-18
TEC-MA-10004086,273,2023-01-09
TEC-MA-10001695,313,2023-03-09
FUR-FU-10002506,423,2023-06-06
TEC-AC-10004518,417,2023-03-13
OFF-AP-10000027,301,2023-03-09
OFF-PA-10002558,429,2023-01-07
TEC-AC-10000926,364,2023-04-17
OFF-PA-10001846,111,2023-04-24
TEC-MA-10003673,217,2023-02-04
FUR-BO-10001567,328,2023-03-24
FUR-FU-10001379,259,2023-03-02
TEC-MA-10000984,468,2023-02-05
OFF-AR-10000937,285,2023-02-21
FUR-FU-10002030,498,2023-06-03
OFF-FA-10000254,447,2023-03-28
OFF-AP-10004136,191,2023-03-19
TEC-AC-10002370,208,2023-02-20
OFF-AR-10003986,401,2023-01-29
OFF-SU-10004290,23,2023-04-26
TEC-MA-10004552,77,2023-03-16
OFF-PA-10000312,150,2023-01-07
OFF-PA-10001583,386,2023-01-10
TEC-MA-10002694,112,2023-04-20
TEC-MA-10004626,396,2023-02-05
TEC-PH-10004241,200,2023-03-23
OFF-SU-10003936,145,2023-05-12
TEC-MA-10003337,23,2023-06-18
OFF-PA-10000210,243,2023-04-18
OFF-AR-10003477,373,2023-01-30
FUR-CH-10002317,198,2023-03-24
OFF-LA-10004677,381,2023-01-23
FUR-CH-10002780,442,2023-03-06
OFF-EN-10001535,43,2023-02-11
TEC-MA-10003493,421,2023-01-26
TEC-AC-10002380,241,2023-05-20
TEC-PH-10002817,351,2023-01-16
TEC-MA-10003589,237,2023-04-10
OFF-AP-10003099,410,2023-02-12
TEC-PH-10002645,263,2023-01-04
OFF-ST-10001627,149,2023-05-27
